study_hours,attendance,previous_score,assignment_score,sleep_hours,result
2,65,45,50,5,0
3,70,50,55,6,0
1,60,40,45,5,0
4,75,55,60,6,1
5,80,65,70,7,1
6,85,70,75,7,1
2,68,48,52,6,0
7,90,80,85,8,1
3,72,55,58,6,1
1,55,35,40,5,0
8,92,85,90,8,1
4,78,60,65,7,1
2,62,42,48,5,0
6,88,75,80,7,1
5,82,68,72,7,1
3,67,47,50,6,0
7,91,82,88,8,1
4,76,58,62,6,1
1,58,38,42,5,0
6,86,72,78,7,1
2,64,44,46,5,0
5,79,64,68,7,1
3,71,52,56,6,0
8,95,90,92,8,1
4,74,57,61,6,1
2,66,46,49,5,0
7,89,78,83,8,1
5,81,67,71,7,1
3,69,49,54,6,0
6,87,74,79,7,1